--liquibase formatted sql

-- =============================================================================
-- KANBAN ENGINE: Board Types, Features, Workflow Steps, Transitions & Approvals
-- =============================================================================

-- =============================================================================
-- 1. BOARD TYPES
-- =============================================================================

--changeset my-platform:data-002-insert-board-types
--preconditions onFail:MARK_RAN
--precondition-sql-check expectedResult:0 SELECT COUNT(*) FROM KANB_BOARD_TYPES WHERE CODE = 'KANBAN'
INSERT INTO KANB_BOARD_TYPES (CODE, NAME, PRODUCT_CODE, VISIBLE_IN_KANBAN, SINGLETON, SCOPE, AUTO_CREATE, NUMBER_PREFIX, ALLOW_CUSTOM_LISTS, CREATED_AT, UPDATED_AT) VALUES
('KANBAN', 'Kanban', 'KANBAN', 1, 0, 'TENANT', 0, NULL, 1, CURRENT_TIMESTAMP(6), CURRENT_TIMESTAMP(6)),
('HELPDESK', 'Help Desk', 'HELPDESK', 0, 1, 'TENANT', 1, 'HD', 0, CURRENT_TIMESTAMP(6), CURRENT_TIMESTAMP(6)),
('GTD', 'Getting Things Done', 'GTD', 0, 1, 'USER', 1, NULL, 0, CURRENT_TIMESTAMP(6), CURRENT_TIMESTAMP(6)),
('ARQUIGESTAO', 'ArquiGestao', 'ARQUIGESTAO', 0, 1, 'TENANT', 1, 'OS', 0, CURRENT_TIMESTAMP(6), CURRENT_TIMESTAMP(6)),
('FINANCIAL', 'Financeiro', NULL, 0, 1, 'TENANT', 0, 'FIN', 0, CURRENT_TIMESTAMP(6), CURRENT_TIMESTAMP(6)),
('COMMISSION', 'Comissoes', NULL, 0, 1, 'TENANT', 0, 'COM', 0, CURRENT_TIMESTAMP(6), CURRENT_TIMESTAMP(6)),
('PERICIA', 'Pericia', NULL, 0, 1, 'TENANT', 0, 'PERI', 0, CURRENT_TIMESTAMP(6), CURRENT_TIMESTAMP(6)),
('BPF', 'BPF Documentos', NULL, 0, 1, 'TENANT', 0, 'BPF', 0, CURRENT_TIMESTAMP(6), CURRENT_TIMESTAMP(6));

-- =============================================================================
-- 2. BOARD TYPE FEATURES
-- =============================================================================
-- UUID pattern: 00000000-0000-0000-4XXX-YYYYYYYYYYYY (4=features)

-- KANBAN: ALL features enabled
--changeset my-platform:data-002-insert-features-kanban
--preconditions onFail:MARK_RAN
--precondition-sql-check expectedResult:0 SELECT COUNT(*) FROM KANB_BOARD_TYPE_FEATURES WHERE BOARD_TYPE_CODE = 'KANBAN'
INSERT INTO KANB_BOARD_TYPE_FEATURES (ID, BOARD_TYPE_CODE, FEATURE_CODE, ENABLED) VALUES
('00000000-0000-0000-4001-000000000001', 'KANBAN', 'COMMENTS', 1),
('00000000-0000-0000-4001-000000000002', 'KANBAN', 'SUBTASKS', 1),
('00000000-0000-0000-4001-000000000003', 'KANBAN', 'LABELS', 1),
('00000000-0000-0000-4001-000000000004', 'KANBAN', 'ATTACHMENTS', 1),
('00000000-0000-0000-4001-000000000005', 'KANBAN', 'ASSIGNEES', 1),
('00000000-0000-0000-4001-000000000006', 'KANBAN', 'DUE_DATE', 1),
('00000000-0000-0000-4001-000000000007', 'KANBAN', 'PRIORITY', 1),
('00000000-0000-0000-4001-000000000008', 'KANBAN', 'HISTORY', 1),
('00000000-0000-0000-4001-000000000009', 'KANBAN', 'PROGRESS', 1),
('00000000-0000-0000-4001-000000000010', 'KANBAN', 'CARD_NUMBER', 1),
('00000000-0000-0000-4001-000000000011', 'KANBAN', 'DESCRIPTION', 1);

-- HELPDESK: COMMENTS, LABELS, ATTACHMENTS, ASSIGNEES, DUE_DATE, PRIORITY, HISTORY, CARD_NUMBER, DESCRIPTION
--changeset my-platform:data-002-insert-features-helpdesk
--preconditions onFail:MARK_RAN
--precondition-sql-check expectedResult:0 SELECT COUNT(*) FROM KANB_BOARD_TYPE_FEATURES WHERE BOARD_TYPE_CODE = 'HELPDESK'
INSERT INTO KANB_BOARD_TYPE_FEATURES (ID, BOARD_TYPE_CODE, FEATURE_CODE, ENABLED) VALUES
('00000000-0000-0000-4002-000000000001', 'HELPDESK', 'COMMENTS', 1),
('00000000-0000-0000-4002-000000000002', 'HELPDESK', 'SUBTASKS', 0),
('00000000-0000-0000-4002-000000000003', 'HELPDESK', 'LABELS', 1),
('00000000-0000-0000-4002-000000000004', 'HELPDESK', 'ATTACHMENTS', 1),
('00000000-0000-0000-4002-000000000005', 'HELPDESK', 'ASSIGNEES', 1),
('00000000-0000-0000-4002-000000000006', 'HELPDESK', 'DUE_DATE', 1),
('00000000-0000-0000-4002-000000000007', 'HELPDESK', 'PRIORITY', 1),
('00000000-0000-0000-4002-000000000008', 'HELPDESK', 'HISTORY', 1),
('00000000-0000-0000-4002-000000000009', 'HELPDESK', 'PROGRESS', 0),
('00000000-0000-0000-4002-000000000010', 'HELPDESK', 'CARD_NUMBER', 1),
('00000000-0000-0000-4002-000000000011', 'HELPDESK', 'DESCRIPTION', 1);

-- GTD: DESCRIPTION, DUE_DATE, LABELS, SUBTASKS
--changeset my-platform:data-002-insert-features-gtd
--preconditions onFail:MARK_RAN
--precondition-sql-check expectedResult:0 SELECT COUNT(*) FROM KANB_BOARD_TYPE_FEATURES WHERE BOARD_TYPE_CODE = 'GTD'
INSERT INTO KANB_BOARD_TYPE_FEATURES (ID, BOARD_TYPE_CODE, FEATURE_CODE, ENABLED) VALUES
('00000000-0000-0000-4003-000000000001', 'GTD', 'COMMENTS', 0),
('00000000-0000-0000-4003-000000000002', 'GTD', 'SUBTASKS', 1),
('00000000-0000-0000-4003-000000000003', 'GTD', 'LABELS', 1),
('00000000-0000-0000-4003-000000000004', 'GTD', 'ATTACHMENTS', 0),
('00000000-0000-0000-4003-000000000005', 'GTD', 'ASSIGNEES', 0),
('00000000-0000-0000-4003-000000000006', 'GTD', 'DUE_DATE', 1),
('00000000-0000-0000-4003-000000000007', 'GTD', 'PRIORITY', 0),
('00000000-0000-0000-4003-000000000008', 'GTD', 'HISTORY', 0),
('00000000-0000-0000-4003-000000000009', 'GTD', 'PROGRESS', 0),
('00000000-0000-0000-4003-000000000010', 'GTD', 'CARD_NUMBER', 0),
('00000000-0000-0000-4003-000000000011', 'GTD', 'DESCRIPTION', 1);

-- ARQUIGESTAO: COMMENTS, ATTACHMENTS, ASSIGNEES, DUE_DATE, PRIORITY, HISTORY, CARD_NUMBER, DESCRIPTION
--changeset my-platform:data-002-insert-features-arquigestao
--preconditions onFail:MARK_RAN
--precondition-sql-check expectedResult:0 SELECT COUNT(*) FROM KANB_BOARD_TYPE_FEATURES WHERE BOARD_TYPE_CODE = 'ARQUIGESTAO'
INSERT INTO KANB_BOARD_TYPE_FEATURES (ID, BOARD_TYPE_CODE, FEATURE_CODE, ENABLED) VALUES
('00000000-0000-0000-4004-000000000001', 'ARQUIGESTAO', 'COMMENTS', 1),
('00000000-0000-0000-4004-000000000002', 'ARQUIGESTAO', 'SUBTASKS', 0),
('00000000-0000-0000-4004-000000000003', 'ARQUIGESTAO', 'LABELS', 0),
('00000000-0000-0000-4004-000000000004', 'ARQUIGESTAO', 'ATTACHMENTS', 1),
('00000000-0000-0000-4004-000000000005', 'ARQUIGESTAO', 'ASSIGNEES', 1),
('00000000-0000-0000-4004-000000000006', 'ARQUIGESTAO', 'DUE_DATE', 1),
('00000000-0000-0000-4004-000000000007', 'ARQUIGESTAO', 'PRIORITY', 1),
('00000000-0000-0000-4004-000000000008', 'ARQUIGESTAO', 'HISTORY', 1),
('00000000-0000-0000-4004-000000000009', 'ARQUIGESTAO', 'PROGRESS', 0),
('00000000-0000-0000-4004-000000000010', 'ARQUIGESTAO', 'CARD_NUMBER', 1),
('00000000-0000-0000-4004-000000000011', 'ARQUIGESTAO', 'DESCRIPTION', 1);

-- FINANCIAL: DESCRIPTION, PRIORITY, CARD_NUMBER, HISTORY (minimal)
--changeset my-platform:data-002-insert-features-financial
--preconditions onFail:MARK_RAN
--precondition-sql-check expectedResult:0 SELECT COUNT(*) FROM KANB_BOARD_TYPE_FEATURES WHERE BOARD_TYPE_CODE = 'FINANCIAL'
INSERT INTO KANB_BOARD_TYPE_FEATURES (ID, BOARD_TYPE_CODE, FEATURE_CODE, ENABLED) VALUES
('00000000-0000-0000-4005-000000000001', 'FINANCIAL', 'COMMENTS', 0),
('00000000-0000-0000-4005-000000000002', 'FINANCIAL', 'SUBTASKS', 0),
('00000000-0000-0000-4005-000000000003', 'FINANCIAL', 'LABELS', 0),
('00000000-0000-0000-4005-000000000004', 'FINANCIAL', 'ATTACHMENTS', 0),
('00000000-0000-0000-4005-000000000005', 'FINANCIAL', 'ASSIGNEES', 0),
('00000000-0000-0000-4005-000000000006', 'FINANCIAL', 'DUE_DATE', 0),
('00000000-0000-0000-4005-000000000007', 'FINANCIAL', 'PRIORITY', 1),
('00000000-0000-0000-4005-000000000008', 'FINANCIAL', 'HISTORY', 1),
('00000000-0000-0000-4005-000000000009', 'FINANCIAL', 'PROGRESS', 0),
('00000000-0000-0000-4005-000000000010', 'FINANCIAL', 'CARD_NUMBER', 1),
('00000000-0000-0000-4005-000000000011', 'FINANCIAL', 'DESCRIPTION', 1);

-- COMMISSION: DESCRIPTION, PRIORITY, CARD_NUMBER, HISTORY (minimal)
--changeset my-platform:data-002-insert-features-commission
--preconditions onFail:MARK_RAN
--precondition-sql-check expectedResult:0 SELECT COUNT(*) FROM KANB_BOARD_TYPE_FEATURES WHERE BOARD_TYPE_CODE = 'COMMISSION'
INSERT INTO KANB_BOARD_TYPE_FEATURES (ID, BOARD_TYPE_CODE, FEATURE_CODE, ENABLED) VALUES
('00000000-0000-0000-4006-000000000001', 'COMMISSION', 'COMMENTS', 0),
('00000000-0000-0000-4006-000000000002', 'COMMISSION', 'SUBTASKS', 0),
('00000000-0000-0000-4006-000000000003', 'COMMISSION', 'LABELS', 0),
('00000000-0000-0000-4006-000000000004', 'COMMISSION', 'ATTACHMENTS', 0),
('00000000-0000-0000-4006-000000000005', 'COMMISSION', 'ASSIGNEES', 0),
('00000000-0000-0000-4006-000000000006', 'COMMISSION', 'DUE_DATE', 0),
('00000000-0000-0000-4006-000000000007', 'COMMISSION', 'PRIORITY', 1),
('00000000-0000-0000-4006-000000000008', 'COMMISSION', 'HISTORY', 1),
('00000000-0000-0000-4006-000000000009', 'COMMISSION', 'PROGRESS', 0),
('00000000-0000-0000-4006-000000000010', 'COMMISSION', 'CARD_NUMBER', 1),
('00000000-0000-0000-4006-000000000011', 'COMMISSION', 'DESCRIPTION', 1);

-- PERICIA: DESCRIPTION, ASSIGNEES, PRIORITY, CARD_NUMBER, HISTORY, DUE_DATE
--changeset my-platform:data-002-insert-features-pericia
--preconditions onFail:MARK_RAN
--precondition-sql-check expectedResult:0 SELECT COUNT(*) FROM KANB_BOARD_TYPE_FEATURES WHERE BOARD_TYPE_CODE = 'PERICIA'
INSERT INTO KANB_BOARD_TYPE_FEATURES (ID, BOARD_TYPE_CODE, FEATURE_CODE, ENABLED) VALUES
('00000000-0000-0000-4007-000000000001', 'PERICIA', 'COMMENTS', 0),
('00000000-0000-0000-4007-000000000002', 'PERICIA', 'SUBTASKS', 0),
('00000000-0000-0000-4007-000000000003', 'PERICIA', 'LABELS', 0),
('00000000-0000-0000-4007-000000000004', 'PERICIA', 'ATTACHMENTS', 0),
('00000000-0000-0000-4007-000000000005', 'PERICIA', 'ASSIGNEES', 1),
('00000000-0000-0000-4007-000000000006', 'PERICIA', 'DUE_DATE', 1),
('00000000-0000-0000-4007-000000000007', 'PERICIA', 'PRIORITY', 1),
('00000000-0000-0000-4007-000000000008', 'PERICIA', 'HISTORY', 1),
('00000000-0000-0000-4007-000000000009', 'PERICIA', 'PROGRESS', 0),
('00000000-0000-0000-4007-000000000010', 'PERICIA', 'CARD_NUMBER', 1),
('00000000-0000-0000-4007-000000000011', 'PERICIA', 'DESCRIPTION', 1);

-- BPF: DESCRIPTION, ASSIGNEES, PRIORITY, CARD_NUMBER, HISTORY, DUE_DATE, ATTACHMENTS
--changeset my-platform:data-002-insert-features-bpf
--preconditions onFail:MARK_RAN
--precondition-sql-check expectedResult:0 SELECT COUNT(*) FROM KANB_BOARD_TYPE_FEATURES WHERE BOARD_TYPE_CODE = 'BPF'
INSERT INTO KANB_BOARD_TYPE_FEATURES (ID, BOARD_TYPE_CODE, FEATURE_CODE, ENABLED) VALUES
('00000000-0000-0000-4008-000000000001', 'BPF', 'COMMENTS', 0),
('00000000-0000-0000-4008-000000000002', 'BPF', 'SUBTASKS', 0),
('00000000-0000-0000-4008-000000000003', 'BPF', 'LABELS', 0),
('00000000-0000-0000-4008-000000000004', 'BPF', 'ATTACHMENTS', 1),
('00000000-0000-0000-4008-000000000005', 'BPF', 'ASSIGNEES', 1),
('00000000-0000-0000-4008-000000000006', 'BPF', 'DUE_DATE', 1),
('00000000-0000-0000-4008-000000000007', 'BPF', 'PRIORITY', 1),
('00000000-0000-0000-4008-000000000008', 'BPF', 'HISTORY', 1),
('00000000-0000-0000-4008-000000000009', 'BPF', 'PROGRESS', 0),
('00000000-0000-0000-4008-000000000010', 'BPF', 'CARD_NUMBER', 1),
('00000000-0000-0000-4008-000000000011', 'BPF', 'DESCRIPTION', 1);

-- =============================================================================
-- 3. WORKFLOW STEPS
-- =============================================================================
-- UUID pattern: 00000000-0000-0000-XXXX-YYYYYYYYYYYY
--   XXXX = board type prefix (1001=HELPDESK, 1002=GTD, etc.)
--   YYYY = sequential step number
-- KANBAN has no workflow steps (free movement)

-- HELPDESK steps (prefix 1001)
--changeset my-platform:data-002-insert-steps-helpdesk
--preconditions onFail:MARK_RAN
--precondition-sql-check expectedResult:0 SELECT COUNT(*) FROM KANB_WORKFLOW_STEPS WHERE BOARD_TYPE_CODE = 'HELPDESK'
INSERT INTO KANB_WORKFLOW_STEPS (ID, BOARD_TYPE_CODE, STEP_CODE, STEP_NAME, POSITION, IS_INITIAL, IS_FINAL, CREATED_AT, UPDATED_AT) VALUES
('00000000-0000-0000-1001-000000000001', 'HELPDESK', 'NEW', 'New', 1, 1, 0, CURRENT_TIMESTAMP(6), CURRENT_TIMESTAMP(6)),
('00000000-0000-0000-1001-000000000002', 'HELPDESK', 'OPEN', 'Open', 2, 0, 0, CURRENT_TIMESTAMP(6), CURRENT_TIMESTAMP(6)),
('00000000-0000-0000-1001-000000000003', 'HELPDESK', 'PENDING', 'Pending', 3, 0, 0, CURRENT_TIMESTAMP(6), CURRENT_TIMESTAMP(6)),
('00000000-0000-0000-1001-000000000004', 'HELPDESK', 'ON_HOLD', 'On Hold', 4, 0, 0, CURRENT_TIMESTAMP(6), CURRENT_TIMESTAMP(6)),
('00000000-0000-0000-1001-000000000005', 'HELPDESK', 'RESOLVED', 'Resolved', 5, 0, 0, CURRENT_TIMESTAMP(6), CURRENT_TIMESTAMP(6)),
('00000000-0000-0000-1001-000000000006', 'HELPDESK', 'CLOSED', 'Closed', 6, 0, 1, CURRENT_TIMESTAMP(6), CURRENT_TIMESTAMP(6));

-- GTD steps (prefix 1002)
--changeset my-platform:data-002-insert-steps-gtd
--preconditions onFail:MARK_RAN
--precondition-sql-check expectedResult:0 SELECT COUNT(*) FROM KANB_WORKFLOW_STEPS WHERE BOARD_TYPE_CODE = 'GTD'
INSERT INTO KANB_WORKFLOW_STEPS (ID, BOARD_TYPE_CODE, STEP_CODE, STEP_NAME, POSITION, IS_INITIAL, IS_FINAL, CREATED_AT, UPDATED_AT) VALUES
('00000000-0000-0000-1002-000000000001', 'GTD', 'INBOX', 'Inbox', 1, 1, 0, CURRENT_TIMESTAMP(6), CURRENT_TIMESTAMP(6)),
('00000000-0000-0000-1002-000000000002', 'GTD', 'NEXT_ACTION', 'Next Action', 2, 0, 0, CURRENT_TIMESTAMP(6), CURRENT_TIMESTAMP(6)),
('00000000-0000-0000-1002-000000000003', 'GTD', 'WAITING_FOR', 'Waiting For', 3, 0, 0, CURRENT_TIMESTAMP(6), CURRENT_TIMESTAMP(6)),
('00000000-0000-0000-1002-000000000004', 'GTD', 'SOMEDAY_MAYBE', 'Someday/Maybe', 4, 0, 0, CURRENT_TIMESTAMP(6), CURRENT_TIMESTAMP(6)),
('00000000-0000-0000-1002-000000000005', 'GTD', 'REFERENCE', 'Reference', 5, 0, 0, CURRENT_TIMESTAMP(6), CURRENT_TIMESTAMP(6)),
('00000000-0000-0000-1002-000000000006', 'GTD', 'CALENDAR', 'Calendar', 6, 0, 0, CURRENT_TIMESTAMP(6), CURRENT_TIMESTAMP(6));

-- ARQUIGESTAO steps (prefix 1003)
--changeset my-platform:data-002-insert-steps-arquigestao
--preconditions onFail:MARK_RAN
--precondition-sql-check expectedResult:0 SELECT COUNT(*) FROM KANB_WORKFLOW_STEPS WHERE BOARD_TYPE_CODE = 'ARQUIGESTAO'
INSERT INTO KANB_WORKFLOW_STEPS (ID, BOARD_TYPE_CODE, STEP_CODE, STEP_NAME, POSITION, IS_INITIAL, IS_FINAL, CREATED_AT, UPDATED_AT) VALUES
('00000000-0000-0000-1003-000000000001', 'ARQUIGESTAO', 'ABERTA', 'Aberta', 1, 1, 0, CURRENT_TIMESTAMP(6), CURRENT_TIMESTAMP(6)),
('00000000-0000-0000-1003-000000000002', 'ARQUIGESTAO', 'AGENDADA', 'Agendada', 2, 0, 0, CURRENT_TIMESTAMP(6), CURRENT_TIMESTAMP(6)),
('00000000-0000-0000-1003-000000000003', 'ARQUIGESTAO', 'EM_ANDAMENTO', 'Em Andamento', 3, 0, 0, CURRENT_TIMESTAMP(6), CURRENT_TIMESTAMP(6)),
('00000000-0000-0000-1003-000000000004', 'ARQUIGESTAO', 'CONCLUIDA', 'Concluida', 4, 0, 0, CURRENT_TIMESTAMP(6), CURRENT_TIMESTAMP(6)),
('00000000-0000-0000-1003-000000000005', 'ARQUIGESTAO', 'FATURADA', 'Faturada', 5, 0, 1, CURRENT_TIMESTAMP(6), CURRENT_TIMESTAMP(6));

-- FINANCIAL steps (prefix 1004)
--changeset my-platform:data-002-insert-steps-financial
--preconditions onFail:MARK_RAN
--precondition-sql-check expectedResult:0 SELECT COUNT(*) FROM KANB_WORKFLOW_STEPS WHERE BOARD_TYPE_CODE = 'FINANCIAL'
INSERT INTO KANB_WORKFLOW_STEPS (ID, BOARD_TYPE_CODE, STEP_CODE, STEP_NAME, POSITION, IS_INITIAL, IS_FINAL, CREATED_AT, UPDATED_AT) VALUES
('00000000-0000-0000-1004-000000000001', 'FINANCIAL', 'A_GERAR', 'A Gerar', 1, 1, 0, CURRENT_TIMESTAMP(6), CURRENT_TIMESTAMP(6)),
('00000000-0000-0000-1004-000000000002', 'FINANCIAL', 'FATURADO', 'Faturado', 2, 0, 0, CURRENT_TIMESTAMP(6), CURRENT_TIMESTAMP(6)),
('00000000-0000-0000-1004-000000000003', 'FINANCIAL', 'VENCENDO', 'Vencendo', 3, 0, 0, CURRENT_TIMESTAMP(6), CURRENT_TIMESTAMP(6)),
('00000000-0000-0000-1004-000000000004', 'FINANCIAL', 'VENCIDO', 'Vencido', 4, 0, 0, CURRENT_TIMESTAMP(6), CURRENT_TIMESTAMP(6)),
('00000000-0000-0000-1004-000000000005', 'FINANCIAL', 'PAGO', 'Pago', 5, 0, 1, CURRENT_TIMESTAMP(6), CURRENT_TIMESTAMP(6)),
('00000000-0000-0000-1004-000000000006', 'FINANCIAL', 'CANCELADO', 'Cancelado', 6, 0, 1, CURRENT_TIMESTAMP(6), CURRENT_TIMESTAMP(6));

-- COMMISSION steps (prefix 1005)
--changeset my-platform:data-002-insert-steps-commission
--preconditions onFail:MARK_RAN
--precondition-sql-check expectedResult:0 SELECT COUNT(*) FROM KANB_WORKFLOW_STEPS WHERE BOARD_TYPE_CODE = 'COMMISSION'
INSERT INTO KANB_WORKFLOW_STEPS (ID, BOARD_TYPE_CODE, STEP_CODE, STEP_NAME, POSITION, IS_INITIAL, IS_FINAL, CREATED_AT, UPDATED_AT) VALUES
('00000000-0000-0000-1005-000000000001', 'COMMISSION', 'PENDENTE', 'Pendente', 1, 1, 0, CURRENT_TIMESTAMP(6), CURRENT_TIMESTAMP(6)),
('00000000-0000-0000-1005-000000000002', 'COMMISSION', 'APROVADA', 'Aprovada', 2, 0, 0, CURRENT_TIMESTAMP(6), CURRENT_TIMESTAMP(6)),
('00000000-0000-0000-1005-000000000003', 'COMMISSION', 'PAGA', 'Paga', 3, 0, 1, CURRENT_TIMESTAMP(6), CURRENT_TIMESTAMP(6));

-- PERICIA steps (prefix 1006)
--changeset my-platform:data-002-insert-steps-pericia
--preconditions onFail:MARK_RAN
--precondition-sql-check expectedResult:0 SELECT COUNT(*) FROM KANB_WORKFLOW_STEPS WHERE BOARD_TYPE_CODE = 'PERICIA'
INSERT INTO KANB_WORKFLOW_STEPS (ID, BOARD_TYPE_CODE, STEP_CODE, STEP_NAME, POSITION, IS_INITIAL, IS_FINAL, CREATED_AT, UPDATED_AT) VALUES
('00000000-0000-0000-1006-000000000001', 'PERICIA', 'TRIAGEM', 'Triagem', 1, 1, 0, CURRENT_TIMESTAMP(6), CURRENT_TIMESTAMP(6)),
('00000000-0000-0000-1006-000000000002', 'PERICIA', 'DISTRIBUICAO', 'Distribuicao', 2, 0, 0, CURRENT_TIMESTAMP(6), CURRENT_TIMESTAMP(6)),
('00000000-0000-0000-1006-000000000003', 'PERICIA', 'ELABORACAO', 'Elaboracao', 3, 0, 0, CURRENT_TIMESTAMP(6), CURRENT_TIMESTAMP(6)),
('00000000-0000-0000-1006-000000000004', 'PERICIA', 'REVISAO', 'Revisao', 4, 0, 0, CURRENT_TIMESTAMP(6), CURRENT_TIMESTAMP(6)),
('00000000-0000-0000-1006-000000000005', 'PERICIA', 'ENTREGA', 'Entrega', 5, 0, 0, CURRENT_TIMESTAMP(6), CURRENT_TIMESTAMP(6)),
('00000000-0000-0000-1006-000000000006', 'PERICIA', 'ENTREGUE', 'Entregue', 6, 0, 1, CURRENT_TIMESTAMP(6), CURRENT_TIMESTAMP(6));

-- BPF steps (prefix 1007)
--changeset my-platform:data-002-insert-steps-bpf
--preconditions onFail:MARK_RAN
--precondition-sql-check expectedResult:0 SELECT COUNT(*) FROM KANB_WORKFLOW_STEPS WHERE BOARD_TYPE_CODE = 'BPF'
INSERT INTO KANB_WORKFLOW_STEPS (ID, BOARD_TYPE_CODE, STEP_CODE, STEP_NAME, POSITION, IS_INITIAL, IS_FINAL, CREATED_AT, UPDATED_AT) VALUES
('00000000-0000-0000-1007-000000000001', 'BPF', 'PENDENTE', 'Pendente', 1, 1, 0, CURRENT_TIMESTAMP(6), CURRENT_TIMESTAMP(6)),
('00000000-0000-0000-1007-000000000002', 'BPF', 'EM_ELABORACAO', 'Em Elaboracao', 2, 0, 0, CURRENT_TIMESTAMP(6), CURRENT_TIMESTAMP(6)),
('00000000-0000-0000-1007-000000000003', 'BPF', 'REVISAO_INTERNA', 'Revisao Interna', 3, 0, 0, CURRENT_TIMESTAMP(6), CURRENT_TIMESTAMP(6)),
('00000000-0000-0000-1007-000000000004', 'BPF', 'AGUARDANDO_CLIENTE', 'Aguardando Cliente', 4, 0, 0, CURRENT_TIMESTAMP(6), CURRENT_TIMESTAMP(6)),
('00000000-0000-0000-1007-000000000005', 'BPF', 'APROVADO', 'Aprovado', 5, 0, 0, CURRENT_TIMESTAMP(6), CURRENT_TIMESTAMP(6)),
('00000000-0000-0000-1007-000000000006', 'BPF', 'VIGENTE', 'Vigente', 6, 0, 1, CURRENT_TIMESTAMP(6), CURRENT_TIMESTAMP(6));

-- =============================================================================
-- 4. WORKFLOW TRANSITIONS
-- =============================================================================
-- UUID pattern: 00000000-0000-0000-2XXX-YYYYYYYYYYYY
-- Table has NO CREATED_AT/UPDATED_AT columns

-- HELPDESK transitions (prefix 2001)
--changeset my-platform:data-002-insert-transitions-helpdesk
--preconditions onFail:MARK_RAN
--precondition-sql-check expectedResult:0 SELECT COUNT(*) FROM KANB_WORKFLOW_TRANSITIONS WHERE BOARD_TYPE_CODE = 'HELPDESK'
INSERT INTO KANB_WORKFLOW_TRANSITIONS (ID, BOARD_TYPE_CODE, FROM_STEP_ID, TO_STEP_ID, REQUIRES_APPROVAL) VALUES
('00000000-0000-0000-2001-000000000001', 'HELPDESK', '00000000-0000-0000-1001-000000000001', '00000000-0000-0000-1001-000000000002', 0),
('00000000-0000-0000-2001-000000000002', 'HELPDESK', '00000000-0000-0000-1001-000000000002', '00000000-0000-0000-1001-000000000003', 0),
('00000000-0000-0000-2001-000000000003', 'HELPDESK', '00000000-0000-0000-1001-000000000003', '00000000-0000-0000-1001-000000000002', 0),
('00000000-0000-0000-2001-000000000004', 'HELPDESK', '00000000-0000-0000-1001-000000000002', '00000000-0000-0000-1001-000000000004', 0),
('00000000-0000-0000-2001-000000000005', 'HELPDESK', '00000000-0000-0000-1001-000000000003', '00000000-0000-0000-1001-000000000004', 0),
('00000000-0000-0000-2001-000000000006', 'HELPDESK', '00000000-0000-0000-1001-000000000004', '00000000-0000-0000-1001-000000000002', 0),
('00000000-0000-0000-2001-000000000007', 'HELPDESK', '00000000-0000-0000-1001-000000000002', '00000000-0000-0000-1001-000000000005', 0),
('00000000-0000-0000-2001-000000000008', 'HELPDESK', '00000000-0000-0000-1001-000000000005', '00000000-0000-0000-1001-000000000006', 1),
('00000000-0000-0000-2001-000000000009', 'HELPDESK', '00000000-0000-0000-1001-000000000006', '00000000-0000-0000-1001-000000000002', 0);

-- GTD transitions (prefix 2002)
--changeset my-platform:data-002-insert-transitions-gtd
--preconditions onFail:MARK_RAN
--precondition-sql-check expectedResult:0 SELECT COUNT(*) FROM KANB_WORKFLOW_TRANSITIONS WHERE BOARD_TYPE_CODE = 'GTD'
INSERT INTO KANB_WORKFLOW_TRANSITIONS (ID, BOARD_TYPE_CODE, FROM_STEP_ID, TO_STEP_ID, REQUIRES_APPROVAL) VALUES
('00000000-0000-0000-2002-000000000001', 'GTD', '00000000-0000-0000-1002-000000000001', '00000000-0000-0000-1002-000000000002', 0),
('00000000-0000-0000-2002-000000000002', 'GTD', '00000000-0000-0000-1002-000000000001', '00000000-0000-0000-1002-000000000003', 0),
('00000000-0000-0000-2002-000000000003', 'GTD', '00000000-0000-0000-1002-000000000001', '00000000-0000-0000-1002-000000000004', 0),
('00000000-0000-0000-2002-000000000004', 'GTD', '00000000-0000-0000-1002-000000000001', '00000000-0000-0000-1002-000000000005', 0),
('00000000-0000-0000-2002-000000000005', 'GTD', '00000000-0000-0000-1002-000000000001', '00000000-0000-0000-1002-000000000006', 0),
('00000000-0000-0000-2002-000000000006', 'GTD', '00000000-0000-0000-1002-000000000002', '00000000-0000-0000-1002-000000000003', 0),
('00000000-0000-0000-2002-000000000007', 'GTD', '00000000-0000-0000-1002-000000000003', '00000000-0000-0000-1002-000000000002', 0),
('00000000-0000-0000-2002-000000000008', 'GTD', '00000000-0000-0000-1002-000000000004', '00000000-0000-0000-1002-000000000002', 0),
('00000000-0000-0000-2002-000000000009', 'GTD', '00000000-0000-0000-1002-000000000002', '00000000-0000-0000-1002-000000000004', 0),
('00000000-0000-0000-2002-000000000010', 'GTD', '00000000-0000-0000-1002-000000000006', '00000000-0000-0000-1002-000000000002', 0);

-- ARQUIGESTAO transitions (prefix 2003)
--changeset my-platform:data-002-insert-transitions-arquigestao
--preconditions onFail:MARK_RAN
--precondition-sql-check expectedResult:0 SELECT COUNT(*) FROM KANB_WORKFLOW_TRANSITIONS WHERE BOARD_TYPE_CODE = 'ARQUIGESTAO'
INSERT INTO KANB_WORKFLOW_TRANSITIONS (ID, BOARD_TYPE_CODE, FROM_STEP_ID, TO_STEP_ID, REQUIRES_APPROVAL) VALUES
('00000000-0000-0000-2003-000000000001', 'ARQUIGESTAO', '00000000-0000-0000-1003-000000000001', '00000000-0000-0000-1003-000000000002', 0),
('00000000-0000-0000-2003-000000000002', 'ARQUIGESTAO', '00000000-0000-0000-1003-000000000002', '00000000-0000-0000-1003-000000000003', 0),
('00000000-0000-0000-2003-000000000003', 'ARQUIGESTAO', '00000000-0000-0000-1003-000000000003', '00000000-0000-0000-1003-000000000004', 0),
('00000000-0000-0000-2003-000000000004', 'ARQUIGESTAO', '00000000-0000-0000-1003-000000000004', '00000000-0000-0000-1003-000000000005', 1),
('00000000-0000-0000-2003-000000000005', 'ARQUIGESTAO', '00000000-0000-0000-1003-000000000003', '00000000-0000-0000-1003-000000000001', 0),
('00000000-0000-0000-2003-000000000006', 'ARQUIGESTAO', '00000000-0000-0000-1003-000000000002', '00000000-0000-0000-1003-000000000001', 0);

-- FINANCIAL transitions (prefix 2004)
--changeset my-platform:data-002-insert-transitions-financial
--preconditions onFail:MARK_RAN
--precondition-sql-check expectedResult:0 SELECT COUNT(*) FROM KANB_WORKFLOW_TRANSITIONS WHERE BOARD_TYPE_CODE = 'FINANCIAL'
INSERT INTO KANB_WORKFLOW_TRANSITIONS (ID, BOARD_TYPE_CODE, FROM_STEP_ID, TO_STEP_ID, REQUIRES_APPROVAL) VALUES
('00000000-0000-0000-2004-000000000001', 'FINANCIAL', '00000000-0000-0000-1004-000000000001', '00000000-0000-0000-1004-000000000002', 0),
('00000000-0000-0000-2004-000000000002', 'FINANCIAL', '00000000-0000-0000-1004-000000000002', '00000000-0000-0000-1004-000000000003', 0),
('00000000-0000-0000-2004-000000000003', 'FINANCIAL', '00000000-0000-0000-1004-000000000003', '00000000-0000-0000-1004-000000000004', 0),
('00000000-0000-0000-2004-000000000004', 'FINANCIAL', '00000000-0000-0000-1004-000000000004', '00000000-0000-0000-1004-000000000005', 0),
('00000000-0000-0000-2004-000000000005', 'FINANCIAL', '00000000-0000-0000-1004-000000000001', '00000000-0000-0000-1004-000000000006', 0),
('00000000-0000-0000-2004-000000000006', 'FINANCIAL', '00000000-0000-0000-1004-000000000002', '00000000-0000-0000-1004-000000000006', 0);

-- COMMISSION transitions (prefix 2005)
--changeset my-platform:data-002-insert-transitions-commission
--preconditions onFail:MARK_RAN
--precondition-sql-check expectedResult:0 SELECT COUNT(*) FROM KANB_WORKFLOW_TRANSITIONS WHERE BOARD_TYPE_CODE = 'COMMISSION'
INSERT INTO KANB_WORKFLOW_TRANSITIONS (ID, BOARD_TYPE_CODE, FROM_STEP_ID, TO_STEP_ID, REQUIRES_APPROVAL) VALUES
('00000000-0000-0000-2005-000000000001', 'COMMISSION', '00000000-0000-0000-1005-000000000001', '00000000-0000-0000-1005-000000000002', 0),
('00000000-0000-0000-2005-000000000002', 'COMMISSION', '00000000-0000-0000-1005-000000000002', '00000000-0000-0000-1005-000000000003', 0);

-- PERICIA transitions (prefix 2006)
--changeset my-platform:data-002-insert-transitions-pericia
--preconditions onFail:MARK_RAN
--precondition-sql-check expectedResult:0 SELECT COUNT(*) FROM KANB_WORKFLOW_TRANSITIONS WHERE BOARD_TYPE_CODE = 'PERICIA'
INSERT INTO KANB_WORKFLOW_TRANSITIONS (ID, BOARD_TYPE_CODE, FROM_STEP_ID, TO_STEP_ID, REQUIRES_APPROVAL) VALUES
('00000000-0000-0000-2006-000000000001', 'PERICIA', '00000000-0000-0000-1006-000000000001', '00000000-0000-0000-1006-000000000002', 0),
('00000000-0000-0000-2006-000000000002', 'PERICIA', '00000000-0000-0000-1006-000000000002', '00000000-0000-0000-1006-000000000003', 0),
('00000000-0000-0000-2006-000000000003', 'PERICIA', '00000000-0000-0000-1006-000000000003', '00000000-0000-0000-1006-000000000004', 0),
('00000000-0000-0000-2006-000000000004', 'PERICIA', '00000000-0000-0000-1006-000000000004', '00000000-0000-0000-1006-000000000005', 0),
('00000000-0000-0000-2006-000000000005', 'PERICIA', '00000000-0000-0000-1006-000000000005', '00000000-0000-0000-1006-000000000006', 0);

-- BPF transitions (prefix 2007)
--changeset my-platform:data-002-insert-transitions-bpf
--preconditions onFail:MARK_RAN
--precondition-sql-check expectedResult:0 SELECT COUNT(*) FROM KANB_WORKFLOW_TRANSITIONS WHERE BOARD_TYPE_CODE = 'BPF'
INSERT INTO KANB_WORKFLOW_TRANSITIONS (ID, BOARD_TYPE_CODE, FROM_STEP_ID, TO_STEP_ID, REQUIRES_APPROVAL) VALUES
('00000000-0000-0000-2007-000000000001', 'BPF', '00000000-0000-0000-1007-000000000001', '00000000-0000-0000-1007-000000000002', 0),
('00000000-0000-0000-2007-000000000002', 'BPF', '00000000-0000-0000-1007-000000000002', '00000000-0000-0000-1007-000000000003', 0),
('00000000-0000-0000-2007-000000000003', 'BPF', '00000000-0000-0000-1007-000000000003', '00000000-0000-0000-1007-000000000004', 0),
('00000000-0000-0000-2007-000000000004', 'BPF', '00000000-0000-0000-1007-000000000004', '00000000-0000-0000-1007-000000000005', 0),
('00000000-0000-0000-2007-000000000005', 'BPF', '00000000-0000-0000-1007-000000000005', '00000000-0000-0000-1007-000000000006', 0);

-- =============================================================================
-- 5. TRANSITION APPROVAL RULES
-- =============================================================================
-- UUID pattern: 00000000-0000-0000-3XXX-YYYYYYYYYYYY

-- Helpdesk: RESOLVED -> CLOSED requires PERMISSION 'HELPDESK_APPROVE'
-- ArquiGestao: CONCLUIDA -> FATURADA requires BOARD_OWNER approval
--changeset my-platform:data-002-insert-approval-rules
--preconditions onFail:MARK_RAN
--precondition-sql-check expectedResult:0 SELECT COUNT(*) FROM KANB_APPROVAL_RULES WHERE TRANSITION_ID = '00000000-0000-0000-2001-000000000008'
INSERT INTO KANB_APPROVAL_RULES (ID, TRANSITION_ID, APPROVER_TYPE, APPROVER_VALUE, CREATED_AT, UPDATED_AT) VALUES
('00000000-0000-0000-3001-000000000001', '00000000-0000-0000-2001-000000000008', 'PERMISSION', 'HELPDESK_APPROVE', CURRENT_TIMESTAMP(6), CURRENT_TIMESTAMP(6)),
('00000000-0000-0000-3003-000000000001', '00000000-0000-0000-2003-000000000004', 'BOARD_OWNER', NULL, CURRENT_TIMESTAMP(6), CURRENT_TIMESTAMP(6));
